part,set,instance,holding_multiplier,method,n_runs,best,mean,std,reference_kind,mean_gap_pct,mean_runtime_s,mean_iterations,mean_lp_rescues
compare,large,large_k5_n200_T7_s1,1.0,alns,10,59983.0370422552,60104.8134507003,81.52347368845723,best known,0.2679979232560731,120.01130081000011,5213.0,
compare,large,large_k5_n200_T7_s1,1.0,greedy,1,66695.7933976402,66695.7933976402,,best known,11.263196571930894,0.0116704999963985,,
compare,large,large_k5_n200_T7_s1,1.0,matheuristic,10,59944.16433516884,60046.87840580418,65.73542124165327,best known,0.1713495746825712,120.15998591999887,4575.9,220.8
compare,large,large_k5_n200_T7_s2,1.0,alns,10,55445.32688433795,55866.1852711113,1052.6548270362075,best known,0.7590511417694288,120.01172003000029,5210.1,
compare,large,large_k5_n200_T7_s2,1.0,greedy,1,60569.48842709502,60569.48842709502,,best known,9.241827635801227,0.0177505999963614,,
compare,large,large_k5_n200_T7_s2,1.0,matheuristic,10,55496.9960663013,55579.86305366976,93.95404347051212,best known,0.24264654370685163,120.29093946999929,4132.6,201.2
compare,large,large_k5_n200_T7_s3,1.0,alns,10,61836.469822749736,61908.46966519028,38.82797688968421,best known,0.19156139548968057,120.01406204999948,5167.3,
compare,large,large_k5_n200_T7_s3,1.0,greedy,1,67542.30816081248,67542.30816081248,,best known,9.309264975938387,0.0175139999992097,,
compare,large,large_k5_n200_T7_s3,1.0,matheuristic,10,61790.10368030576,61887.99654635189,61.75826534459198,best known,0.15842806568607495,120.15083814999961,5261.9,180.5
compare,medium,medium_k3_n40_T7_s1,1.0,alns,10,30975.81425080369,30978.31294233713,1.7462111907049602,best known,0.008066588704350966,60.002852329999584,11866.2,
compare,medium,medium_k3_n40_T7_s1,1.0,greedy,1,32630.767491149112,32630.767491149112,,best known,5.342727157858271,0.0030123000033199,,
compare,medium,medium_k3_n40_T7_s1,1.0,matheuristic,10,30977.01370064315,30978.79059272179,1.7076344980153781,best known,0.009608599451187463,60.03478051000129,10276.7,0.0
compare,medium,medium_k3_n40_T7_s2,1.0,alns,10,28823.584168030004,28841.947441447264,13.217362886993905,best known,0.06370919490861338,60.00263316999845,12249.7,
compare,medium,medium_k3_n40_T7_s2,1.0,greedy,1,30285.197274687187,30285.197274687187,,best known,5.070892981721363,0.0027121000020997,,
compare,medium,medium_k3_n40_T7_s2,1.0,matheuristic,10,28824.90076646158,28838.215946203058,13.297742438325104,best known,0.050763215593718714,60.03762046000047,9946.4,0.0
compare,medium,medium_k3_n80_T7_s1,1.0,alns,10,36812.43232958959,36840.23917880367,19.51674810480088,best known,0.07946751471068496,60.005288599999766,5594.4,
compare,medium,medium_k3_n80_T7_s1,1.0,greedy,1,40239.55795085816,40239.55795085816,,best known,9.313989879476217,0.0064219000050798,,
compare,medium,medium_k3_n80_T7_s1,1.0,matheuristic,10,36810.9864027689,36835.884263696105,13.272657384236618,best known,0.06763703817872498,60.09965624000106,4676.8,0.0
compare,medium,medium_k3_n80_T7_s2,1.0,alns,10,33214.56016999507,33718.196403555354,780.2109420304125,best known,1.5231984573903303,60.00841527999946,5059.4,
compare,medium,medium_k3_n80_T7_s2,1.0,greedy,1,39583.83479400987,39583.83479400987,,best known,19.18423712227605,0.0054946000018389,,
compare,medium,medium_k3_n80_T7_s2,1.0,matheuristic,10,33212.3070548324,33242.20640617415,18.72030331284282,best known,0.09002491543986177,60.075168520000446,4610.4,0.0
sensitivity,medium,medium_k3_n80_T7_s1,1.0,alns,10,36804.900858243294,36848.412629164,39.478183199417174,best known,0.11822276356154723,60.00673527999898,4883.3,
sensitivity,medium,medium_k3_n80_T7_s1,1.0,greedy,1,40239.55795085816,40239.55795085816,,best known,9.332064514570193,0.0063092999989748,,
sensitivity,medium,medium_k3_n80_T7_s1,10.0,alns,10,37635.88945762192,37683.75258455288,49.08870961853668,best known,0.12717416173956808,60.00760844999968,4855.0,
sensitivity,medium,medium_k3_n80_T7_s1,10.0,greedy,1,41457.98479678151,41457.98479678151,,best known,10.155453728450546,0.0039895000008982,,
sensitivity,medium,medium_k3_n80_T7_s1,100.0,alns,10,45179.31167661643,45786.26866888521,373.80027944985136,best known,1.3434401050933225,60.005222159998084,4657.6,
sensitivity,medium,medium_k3_n80_T7_s1,100.0,greedy,1,53642.25325601507,53642.25325601507,,best known,18.731895784456643,0.0061691000009886,,
sensitivity,medium,medium_k3_n80_T7_s1,1000.0,alns,10,85282.55920769589,85979.29470596246,672.4581282806403,best known,0.8169730185626337,60.00875895999779,3930.0,
sensitivity,medium,medium_k3_n80_T7_s1,1000.0,greedy,1,175484.93784835067,175484.93784835067,,best known,105.76884591488074,0.0033919999987119,,
sensitivity,medium,medium_k3_n80_T7_s1,10000.0,alns,10,214493.11101431507,216300.194266146,1353.11749437116,best known,0.8424901122863322,60.00771173999819,4217.0,
sensitivity,medium,medium_k3_n80_T7_s1,10000.0,greedy,1,1393911.783771707,1393911.783771707,,best known,549.8631947571866,0.0029614999948535,,
small,small,small_k1_n10_T3_s1,1.0,alns,10,4584.277570630548,4584.277570630548,0.0,optimum,0.0,10.000875439999799,7609.4,
small,small,small_k1_n10_T3_s1,1.0,greedy,1,4712.369934430548,4712.369934430548,,optimum,2.794166841480781,0.000330800001393,,
small,small,small_k1_n10_T3_s1,1.0,gurobi,1,4584.277570630548,4584.277570630548,,optimum,0.0,111.61578510000254,,
small,small,small_k1_n10_T3_s1,1.0,matheuristic,10,4584.277570630548,4584.277570630548,0.0,optimum,0.0,10.00800337000037,7309.0,0.0
small,small,small_k1_n10_T3_s2,1.0,alns,10,5054.289937974795,5054.289937974795,0.0,optimum,0.0,10.001104719999422,7175.3,
small,small,small_k1_n10_T3_s2,1.0,greedy,1,5300.263279174795,5300.263279174795,,optimum,4.866625069367483,0.0003704999980982,,
small,small,small_k1_n10_T3_s2,1.0,gurobi,1,5054.289937974795,5054.289937974795,,optimum,0.0,8.0542390000046,,
small,small,small_k1_n10_T3_s2,1.0,matheuristic,10,5054.289937974795,5054.289937974795,0.0,optimum,0.0,10.00715443999943,7407.0,0.0
small,small,small_k1_n6_T3_s1,1.0,alns,10,4205.486942238973,4205.486942238973,0.0,optimum,0.0,10.000730149999436,9155.1,
small,small,small_k1_n6_T3_s1,1.0,greedy,1,4402.745120238973,4402.745120238973,,optimum,4.690495552816557,0.000268199997663,,
small,small,small_k1_n6_T3_s1,1.0,gurobi,1,4205.486942238973,4205.486942238973,,optimum,0.0,1.056337900001381,,
small,small,small_k1_n6_T3_s1,1.0,matheuristic,10,4205.486942238973,4205.486942238973,0.0,optimum,0.0,10.009188730001188,10353.0,0.0
small,small,small_k1_n6_T3_s2,1.0,alns,10,4901.820632158972,4901.820632158972,0.0,optimum,0.0,10.000966920000064,9302.6,
small,small,small_k1_n6_T3_s2,1.0,greedy,1,4901.820632158973,4901.820632158973,,optimum,1.8554222400674578e-14,0.0003024999969056,,
small,small,small_k1_n6_T3_s2,1.0,gurobi,1,4901.820632158972,4901.820632158972,,optimum,0.0,0.4167289999968488,,
small,small,small_k1_n6_T3_s2,1.0,matheuristic,10,4901.820632158972,4901.820632158972,0.0,optimum,0.0,10.004987709999114,9458.2,0.0
small,small,small_k1_n8_T3_s1,1.0,alns,10,4577.858395729521,4577.858395729521,0.0,optimum,0.0,10.001048379998974,8095.1,
small,small,small_k1_n8_T3_s1,1.0,greedy,1,4682.124260965343,4682.124260965343,,optimum,2.277612285541342,0.0003004000027431,,
small,small,small_k1_n8_T3_s1,1.0,gurobi,1,4577.858395729521,4577.858395729521,,optimum,0.0,19.93025349999516,,
small,small,small_k1_n8_T3_s1,1.0,matheuristic,10,4577.858395729521,4577.858395729521,0.0,optimum,0.0,10.006009089999134,8119.7,0.0
small,small,small_k1_n8_T3_s2,1.0,alns,10,5019.579142341439,5019.579142341439,0.0,optimum,0.0,10.000735819998955,8431.8,
small,small,small_k1_n8_T3_s2,1.0,greedy,1,5237.463205741438,5237.463205741438,,optimum,4.340683894434314,0.000338500001817,,
small,small,small_k1_n8_T3_s2,1.0,gurobi,1,5019.579142341439,5019.579142341439,,optimum,0.0,2.360023099994578,,
small,small,small_k1_n8_T3_s2,1.0,matheuristic,10,5019.579142341439,5019.579142341439,0.0,optimum,0.0,10.005431390001467,8763.5,0.0
small,small,small_k2_n10_T3_s1,1.0,alns,10,7279.778660855275,7279.778660855275,0.0,optimum,0.0,10.000902440000209,8523.2,
small,small,small_k2_n10_T3_s1,1.0,greedy,1,7369.749577455275,7369.749577455275,,optimum,1.2359018150344405,0.0003556000010576,,
small,small,small_k2_n10_T3_s1,1.0,gurobi,1,7279.778660855275,7279.778660855275,,optimum,0.0,46.20075550000183,,
small,small,small_k2_n10_T3_s1,1.0,matheuristic,10,7279.778660855275,7279.778660855275,0.0,optimum,0.0,10.006810560000304,7940.3,0.0
small,small,small_k2_n10_T3_s2,1.0,alns,10,8865.160189479453,8865.160189479453,0.0,optimum,0.0,10.000509100000636,7272.2,
small,small,small_k2_n10_T3_s2,1.0,greedy,1,8874.961368079454,8874.961368079454,,optimum,0.11055839252213386,0.0004028999974252,,
small,small,small_k2_n10_T3_s2,1.0,gurobi,1,8865.160189479453,8865.160189479453,,optimum,0.0,0.8718802000003052,,
small,small,small_k2_n10_T3_s2,1.0,matheuristic,10,8865.160189479453,8865.160189479453,0.0,optimum,0.0,10.006544559997565,7551.6,0.0
small,small,small_k2_n6_T3_s1,1.0,alns,10,3754.118834748151,3754.118834748151,0.0,optimum,0.0,10.000568900001236,10965.6,
small,small,small_k2_n6_T3_s1,1.0,greedy,1,3799.452770548152,3799.452770548152,,optimum,1.207578603543114,0.0002422999968985,,
small,small,small_k2_n6_T3_s1,1.0,gurobi,1,3754.118834748151,3754.118834748151,,optimum,0.0,0.5291556999945897,,
small,small,small_k2_n6_T3_s1,1.0,matheuristic,10,3754.118834748151,3754.118834748151,0.0,optimum,0.0,10.00719392999963,10946.6,0.0
small,small,small_k2_n6_T3_s2,1.0,alns,10,7673.566837258974,7673.566837258974,0.0,optimum,0.0,10.001018619999376,9758.5,
small,small,small_k2_n6_T3_s2,1.0,greedy,1,7675.93313245322,7675.93313245322,,optimum,0.030836965969417405,0.0002888000017264,,
small,small,small_k2_n6_T3_s2,1.0,gurobi,1,7673.566837258974,7673.566837258974,,optimum,0.0,0.2156485000014072,,
small,small,small_k2_n6_T3_s2,1.0,matheuristic,10,7673.566837258974,7673.566837258974,0.0,optimum,0.0,10.006568970000808,9162.4,0.0
small,small,small_k2_n8_T3_s1,1.0,alns,10,7155.431945653631,7155.4319456536305,0.0,optimum,0.0,10.000654949998715,9088.0,
small,small,small_k2_n8_T3_s1,1.0,greedy,1,7274.55001241781,7274.55001241781,,optimum,1.664722237160446,0.0003214000025764,,
small,small,small_k2_n8_T3_s1,1.0,gurobi,1,7155.431945653631,7155.431945653631,,optimum,0.0,3.982236499999999,,
small,small,small_k2_n8_T3_s1,1.0,matheuristic,10,7155.431945653631,7155.4319456536305,0.0,optimum,0.0,10.00553211999868,9616.1,0.0
small,small,small_k2_n8_T3_s2,1.0,alns,10,8883.273718496099,8883.273718496099,0.0,optimum,0.0,10.000882750000164,8285.7,
small,small,small_k2_n8_T3_s2,1.0,greedy,1,8884.771646604728,8884.771646604728,,optimum,0.016862343276781357,0.0002034999997704,,
small,small,small_k2_n8_T3_s2,1.0,gurobi,1,8883.273718496099,8883.273718496099,,optimum,0.0,0.3230736999976216,,
small,small,small_k2_n8_T3_s2,1.0,matheuristic,10,8883.273718496099,8883.273718496099,0.0,optimum,0.0,10.006909310001356,8172.0,0.0
