part,instance,set,method,seed,holding_multiplier,time_limit_s,total_cost,truck_cost,van_cost,holding_cost,n_truck_trips,n_van_routes,n_visits,runtime_s,iterations,rejected,lp_calls,lp_rescues,status,objective,bound,gap,solution_file
small,small_k1_n10_T3_s1,small,alns,1,1.0,10.0,4584.277570630548,3249.7200476000003,1333.4143060000004,1.143217030547946,1,3,14,10.000516200001584,8146,0,,,,,,,solutions/small/small_k1_n10_T3_s1__alns__s1__h1.json
small,small_k1_n10_T3_s1,small,alns,2,1.0,10.0,4584.277570630548,3249.7200476000003,1333.414306,1.143217030547946,1,3,15,10.000980500000878,8076,0,,,,,,,solutions/small/small_k1_n10_T3_s1__alns__s2__h1.json
small,small_k1_n10_T3_s1,small,alns,3,1.0,10.0,4584.277570630548,3249.7200476000003,1333.4143060000004,1.143217030547946,1,3,14,10.000428300001658,8145,0,,,,,,,solutions/small/small_k1_n10_T3_s1__alns__s3__h1.json
small,small_k1_n10_T3_s1,small,alns,4,1.0,10.0,4584.277570630548,3249.7200476000003,1333.414306,1.143217030547946,1,3,14,10.002134199996362,8358,0,,,,,,,solutions/small/small_k1_n10_T3_s1__alns__s4__h1.json
small,small_k1_n10_T3_s1,small,alns,5,1.0,10.0,4584.277570630548,3249.7200476000003,1333.414306,1.1432170305479457,1,3,15,10.000344899999618,8254,0,,,,,,,solutions/small/small_k1_n10_T3_s1__alns__s5__h1.json
small,small_k1_n10_T3_s1,small,alns,6,1.0,10.0,4584.277570630548,3249.7200476000003,1333.4143060000004,1.143217030547946,1,3,14,10.000275599995804,6971,0,,,,,,,solutions/small/small_k1_n10_T3_s1__alns__s6__h1.json
small,small_k1_n10_T3_s1,small,alns,7,1.0,10.0,4584.277570630548,3249.7200476000003,1333.414306,1.1432170305479457,1,3,15,10.001023799995892,6968,0,,,,,,,solutions/small/small_k1_n10_T3_s1__alns__s7__h1.json
small,small_k1_n10_T3_s1,small,alns,8,1.0,10.0,4584.277570630548,3249.7200476000003,1333.4143060000004,1.143217030547946,1,3,14,10.000219900000957,6589,0,,,,,,,solutions/small/small_k1_n10_T3_s1__alns__s8__h1.json
small,small_k1_n10_T3_s1,small,alns,9,1.0,10.0,4584.277570630548,3249.7200476000003,1333.414306,1.143217030547946,1,3,14,10.00081240000145,6711,0,,,,,,,solutions/small/small_k1_n10_T3_s1__alns__s9__h1.json
small,small_k1_n10_T3_s1,small,alns,10,1.0,10.0,4584.277570630548,3249.7200476000003,1333.414306,1.143217030547946,1,3,14,10.002018600003794,7876,0,,,,,,,solutions/small/small_k1_n10_T3_s1__alns__s10__h1.json
small,small_k1_n10_T3_s1,small,greedy,,1.0,,4712.369934430548,3249.7200476000003,1461.5066697999998,1.1432170305479454,1,3,14,0.000330800001393,,,,,,,,,solutions/small/small_k1_n10_T3_s1__greedy__det__h1.json
small,small_k1_n10_T3_s1,small,gurobi,,1.0,600.0,4584.277570630548,3249.7200476000003,1333.414306,1.1432170305479454,1,3,16,111.61578510000254,,,,,optimal,4584.277570630548,4584.277408976889,3.5262624643270075e-08,solutions/small/small_k1_n10_T3_s1__gurobi__det__h1.json
small,small_k1_n10_T3_s1,small,matheuristic,1,1.0,10.0,4584.277570630548,3249.7200476000003,1333.4143060000004,1.143217030547946,1,3,14,10.004856800005657,7860,0,0,0,,,,,solutions/small/small_k1_n10_T3_s1__matheuristic__s1__h1.json
small,small_k1_n10_T3_s1,small,matheuristic,2,1.0,10.0,4584.277570630548,3249.7200476000003,1333.414306,1.143217030547946,1,3,15,10.00627180000447,7932,0,0,0,,,,,solutions/small/small_k1_n10_T3_s1__matheuristic__s2__h1.json
small,small_k1_n10_T3_s1,small,matheuristic,3,1.0,10.0,4584.277570630548,3249.7200476000003,1333.4143060000004,1.143217030547946,1,3,14,10.005504799999471,7842,0,0,0,,,,,solutions/small/small_k1_n10_T3_s1__matheuristic__s3__h1.json
small,small_k1_n10_T3_s1,small,matheuristic,4,1.0,10.0,4584.277570630548,3249.7200476000003,1333.414306,1.143217030547946,1,3,14,10.004597500003,7970,0,0,0,,,,,solutions/small/small_k1_n10_T3_s1__matheuristic__s4__h1.json
small,small_k1_n10_T3_s1,small,matheuristic,5,1.0,10.0,4584.277570630548,3249.7200476000003,1333.414306,1.1432170305479457,1,3,15,10.009225900001184,8180,0,0,0,,,,,solutions/small/small_k1_n10_T3_s1__matheuristic__s5__h1.json
small,small_k1_n10_T3_s1,small,matheuristic,6,1.0,10.0,4584.277570630548,3249.7200476000003,1333.4143060000004,1.143217030547946,1,3,14,10.008481500000926,6784,0,0,0,,,,,solutions/small/small_k1_n10_T3_s1__matheuristic__s6__h1.json
small,small_k1_n10_T3_s1,small,matheuristic,7,1.0,10.0,4584.277570630548,3249.7200476000003,1333.414306,1.1432170305479457,1,3,15,10.012716099998215,6803,0,0,0,,,,,solutions/small/small_k1_n10_T3_s1__matheuristic__s7__h1.json
small,small_k1_n10_T3_s1,small,matheuristic,8,1.0,10.0,4584.277570630548,3249.7200476000003,1333.4143060000004,1.143217030547946,1,3,14,10.00589570000011,6372,0,0,0,,,,,solutions/small/small_k1_n10_T3_s1__matheuristic__s8__h1.json
small,small_k1_n10_T3_s1,small,matheuristic,9,1.0,10.0,4584.277570630548,3249.7200476000003,1333.414306,1.143217030547946,1,3,14,10.00718689999485,6310,0,0,0,,,,,solutions/small/small_k1_n10_T3_s1__matheuristic__s9__h1.json
small,small_k1_n10_T3_s1,small,matheuristic,10,1.0,10.0,4584.277570630548,3249.7200476000003,1333.414306,1.143217030547946,1,3,14,10.015296699995815,7037,0,0,0,,,,,solutions/small/small_k1_n10_T3_s1__matheuristic__s10__h1.json
small,small_k1_n10_T3_s2,small,alns,1,1.0,10.0,5054.289937974795,3246.1516380000003,1806.5551512,1.5831487747945203,1,3,17,10.001248600005056,7247,0,,,,,,,solutions/small/small_k1_n10_T3_s2__alns__s1__h1.json
small,small_k1_n10_T3_s2,small,alns,2,1.0,10.0,5054.289937974795,3246.1516380000003,1806.5551512,1.5831487747945203,1,3,17,10.001980499997444,7182,0,,,,,,,solutions/small/small_k1_n10_T3_s2__alns__s2__h1.json
small,small_k1_n10_T3_s2,small,alns,3,1.0,10.0,5054.289937974795,3246.1516380000003,1806.5551512,1.5831487747945203,1,3,17,10.000961700003243,7340,0,,,,,,,solutions/small/small_k1_n10_T3_s2__alns__s3__h1.json
small,small_k1_n10_T3_s2,small,alns,4,1.0,10.0,5054.289937974795,3246.1516380000003,1806.5551512,1.5831487747945203,1,3,17,10.00238459999673,7344,0,,,,,,,solutions/small/small_k1_n10_T3_s2__alns__s4__h1.json
small,small_k1_n10_T3_s2,small,alns,5,1.0,10.0,5054.289937974795,3246.1516380000003,1806.5551512,1.5831487747945203,1,3,17,10.000344500003848,7260,0,,,,,,,solutions/small/small_k1_n10_T3_s2__alns__s5__h1.json
small,small_k1_n10_T3_s2,small,alns,6,1.0,10.0,5054.289937974795,3246.1516380000003,1806.5551512,1.5831487747945203,1,3,17,10.000892999996722,7091,0,,,,,,,solutions/small/small_k1_n10_T3_s2__alns__s6__h1.json
small,small_k1_n10_T3_s2,small,alns,7,1.0,10.0,5054.289937974795,3246.1516380000003,1806.5551512,1.5831487747945203,1,3,17,10.001508599998488,6996,0,,,,,,,solutions/small/small_k1_n10_T3_s2__alns__s7__h1.json
small,small_k1_n10_T3_s2,small,alns,8,1.0,10.0,5054.289937974795,3246.1516380000003,1806.5551512,1.5831487747945203,1,3,17,10.00093249999918,7081,0,,,,,,,solutions/small/small_k1_n10_T3_s2__alns__s8__h1.json
small,small_k1_n10_T3_s2,small,alns,9,1.0,10.0,5054.289937974795,3246.1516380000003,1806.5551512,1.5831487747945203,1,3,17,10.000643699997454,7088,0,,,,,,,solutions/small/small_k1_n10_T3_s2__alns__s9__h1.json
small,small_k1_n10_T3_s2,small,alns,10,1.0,10.0,5054.289937974795,3246.1516380000003,1806.5551512,1.5831487747945203,1,3,17,10.00014949999604,7124,0,,,,,,,solutions/small/small_k1_n10_T3_s2__alns__s10__h1.json
small,small_k1_n10_T3_s2,small,greedy,,1.0,,5300.263279174795,3246.1516380000003,2052.5284924,1.5831487747945203,1,3,17,0.0003704999980982,,,,,,,,,solutions/small/small_k1_n10_T3_s2__greedy__det__h1.json
small,small_k1_n10_T3_s2,small,gurobi,,1.0,600.0,5054.289937974795,3246.1516380000003,1806.5551512,1.5831487747945212,1,3,17,8.0542390000046,,,,,optimal,5054.289937974796,5054.289937974794,0.0,solutions/small/small_k1_n10_T3_s2__gurobi__det__h1.json
small,small_k1_n10_T3_s2,small,matheuristic,1,1.0,10.0,5054.289937974795,3246.1516380000003,1806.5551512,1.5831487747945203,1,3,17,10.009733499995493,6756,0,0,0,,,,,solutions/small/small_k1_n10_T3_s2__matheuristic__s1__h1.json
small,small_k1_n10_T3_s2,small,matheuristic,2,1.0,10.0,5054.289937974795,3246.1516380000003,1806.5551512,1.5831487747945203,1,3,17,10.006952199997611,7100,0,0,0,,,,,solutions/small/small_k1_n10_T3_s2__matheuristic__s2__h1.json
small,small_k1_n10_T3_s2,small,matheuristic,3,1.0,10.0,5054.289937974795,3246.1516380000003,1806.5551512,1.5831487747945203,1,3,17,10.006375700002536,7236,0,0,0,,,,,solutions/small/small_k1_n10_T3_s2__matheuristic__s3__h1.json
small,small_k1_n10_T3_s2,small,matheuristic,4,1.0,10.0,5054.289937974795,3246.1516380000003,1806.5551512,1.5831487747945203,1,3,17,10.00670320000063,7699,0,0,0,,,,,solutions/small/small_k1_n10_T3_s2__matheuristic__s4__h1.json
small,small_k1_n10_T3_s2,small,matheuristic,5,1.0,10.0,5054.289937974795,3246.1516380000003,1806.5551512,1.5831487747945203,1,3,17,10.00648579999688,7666,0,0,0,,,,,solutions/small/small_k1_n10_T3_s2__matheuristic__s5__h1.json
small,small_k1_n10_T3_s2,small,matheuristic,6,1.0,10.0,5054.289937974795,3246.1516380000003,1806.5551512,1.5831487747945203,1,3,17,10.00598980000359,7487,0,0,0,,,,,solutions/small/small_k1_n10_T3_s2__matheuristic__s6__h1.json
small,small_k1_n10_T3_s2,small,matheuristic,7,1.0,10.0,5054.289937974795,3246.1516380000003,1806.5551512,1.5831487747945203,1,3,17,10.00782949999848,7637,0,0,0,,,,,solutions/small/small_k1_n10_T3_s2__matheuristic__s7__h1.json
small,small_k1_n10_T3_s2,small,matheuristic,8,1.0,10.0,5054.289937974795,3246.1516380000003,1806.5551512,1.5831487747945203,1,3,17,10.008263100004116,7379,0,0,0,,,,,solutions/small/small_k1_n10_T3_s2__matheuristic__s8__h1.json
small,small_k1_n10_T3_s2,small,matheuristic,9,1.0,10.0,5054.289937974795,3246.1516380000003,1806.5551512,1.5831487747945203,1,3,17,10.006519299997308,7490,0,0,0,,,,,solutions/small/small_k1_n10_T3_s2__matheuristic__s9__h1.json
small,small_k1_n10_T3_s2,small,matheuristic,10,1.0,10.0,5054.289937974795,3246.1516380000003,1806.5551512,1.5831487747945203,1,3,17,10.006692299997669,7620,0,0,0,,,,,solutions/small/small_k1_n10_T3_s2__matheuristic__s10__h1.json
small,small_k1_n6_T3_s1,small,alns,1,1.0,10.0,4205.486942238973,3249.7200476000003,954.9996018000002,0.7672928389726028,1,2,9,10.000703300000168,8795,0,,,,,,,solutions/small/small_k1_n6_T3_s1__alns__s1__h1.json
small,small_k1_n6_T3_s1,small,alns,2,1.0,10.0,4205.486942238973,3249.7200476000003,954.9996018000002,0.7672928389726028,1,2,9,10.00042950000352,8785,0,,,,,,,solutions/small/small_k1_n6_T3_s1__alns__s2__h1.json
small,small_k1_n6_T3_s1,small,alns,3,1.0,10.0,4205.486942238973,3249.7200476000003,954.9996018000002,0.7672928389726028,1,2,9,10.000822899994091,8898,0,,,,,,,solutions/small/small_k1_n6_T3_s1__alns__s3__h1.json
small,small_k1_n6_T3_s1,small,alns,4,1.0,10.0,4205.486942238973,3249.7200476000003,954.9996018000002,0.7672928389726028,1,2,9,10.00068420000025,10137,0,,,,,,,solutions/small/small_k1_n6_T3_s1__alns__s4__h1.json
small,small_k1_n6_T3_s1,small,alns,5,1.0,10.0,4205.486942238973,3249.7200476000003,954.9996018000002,0.7672928389726028,1,2,9,10.000989000000118,9877,0,,,,,,,solutions/small/small_k1_n6_T3_s1__alns__s5__h1.json
small,small_k1_n6_T3_s1,small,alns,6,1.0,10.0,4205.486942238973,3249.7200476000003,954.9996018000002,0.7672928389726028,1,2,9,10.000521499998284,8714,0,,,,,,,solutions/small/small_k1_n6_T3_s1__alns__s6__h1.json
small,small_k1_n6_T3_s1,small,alns,7,1.0,10.0,4205.486942238973,3249.7200476000003,954.9996018000002,0.7672928389726028,1,2,9,10.000458499998786,8743,0,,,,,,,solutions/small/small_k1_n6_T3_s1__alns__s7__h1.json
small,small_k1_n6_T3_s1,small,alns,8,1.0,10.0,4205.486942238973,3249.7200476000003,954.9996018000002,0.7672928389726028,1,2,9,10.001233799994225,8877,0,,,,,,,solutions/small/small_k1_n6_T3_s1__alns__s8__h1.json
small,small_k1_n6_T3_s1,small,alns,9,1.0,10.0,4205.486942238973,3249.7200476000003,954.9996018000002,0.7672928389726028,1,2,9,10.0005747000032,9042,0,,,,,,,solutions/small/small_k1_n6_T3_s1__alns__s9__h1.json
small,small_k1_n6_T3_s1,small,alns,10,1.0,10.0,4205.486942238973,3249.7200476000003,954.9996018000002,0.7672928389726028,1,2,9,10.000884100001713,9683,0,,,,,,,solutions/small/small_k1_n6_T3_s1__alns__s10__h1.json
small,small_k1_n6_T3_s1,small,greedy,,1.0,,4402.745120238973,3249.7200476000003,1152.2577798,0.767292838972603,1,3,9,0.000268199997663,,,,,,,,,solutions/small/small_k1_n6_T3_s1__greedy__det__h1.json
small,small_k1_n6_T3_s1,small,gurobi,,1.0,600.0,4205.486942238973,3249.7200476000003,954.9996018000002,0.7672928389726031,1,2,10,1.056337900001381,,,,,optimal,4205.486942238974,4205.486942238973,0.0,solutions/small/small_k1_n6_T3_s1__gurobi__det__h1.json
small,small_k1_n6_T3_s1,small,matheuristic,1,1.0,10.0,4205.486942238973,3249.7200476000003,954.9996018000002,0.7672928389726028,1,2,9,10.006526299999678,8711,0,0,0,,,,,solutions/small/small_k1_n6_T3_s1__matheuristic__s1__h1.json
small,small_k1_n6_T3_s1,small,matheuristic,2,1.0,10.0,4205.486942238973,3249.7200476000003,954.9996018000002,0.7672928389726028,1,2,9,10.028171099998872,10495,0,0,0,,,,,solutions/small/small_k1_n6_T3_s1__matheuristic__s2__h1.json
small,small_k1_n6_T3_s1,small,matheuristic,3,1.0,10.0,4205.486942238973,3249.7200476000003,954.9996018000002,0.7672928389726028,1,2,9,10.017625700005738,10646,0,0,0,,,,,solutions/small/small_k1_n6_T3_s1__matheuristic__s3__h1.json
small,small_k1_n6_T3_s1,small,matheuristic,4,1.0,10.0,4205.486942238973,3249.7200476000003,954.9996018000002,0.7672928389726028,1,2,9,10.006580399996892,10616,0,0,0,,,,,solutions/small/small_k1_n6_T3_s1__matheuristic__s4__h1.json
small,small_k1_n6_T3_s1,small,matheuristic,5,1.0,10.0,4205.486942238973,3249.7200476000003,954.9996018000002,0.7672928389726028,1,2,9,10.005258299999696,10699,0,0,0,,,,,solutions/small/small_k1_n6_T3_s1__matheuristic__s5__h1.json
small,small_k1_n6_T3_s1,small,matheuristic,6,1.0,10.0,4205.486942238973,3249.7200476000003,954.9996018000002,0.7672928389726028,1,2,9,10.005219900005612,10633,0,0,0,,,,,solutions/small/small_k1_n6_T3_s1__matheuristic__s6__h1.json
small,small_k1_n6_T3_s1,small,matheuristic,7,1.0,10.0,4205.486942238973,3249.7200476000003,954.9996018000002,0.7672928389726028,1,2,9,10.006065299996408,10818,0,0,0,,,,,solutions/small/small_k1_n6_T3_s1__matheuristic__s7__h1.json
small,small_k1_n6_T3_s1,small,matheuristic,8,1.0,10.0,4205.486942238973,3249.7200476000003,954.9996018000002,0.7672928389726028,1,2,9,10.00587610000366,10514,0,0,0,,,,,solutions/small/small_k1_n6_T3_s1__matheuristic__s8__h1.json
small,small_k1_n6_T3_s1,small,matheuristic,9,1.0,10.0,4205.486942238973,3249.7200476000003,954.9996018000002,0.7672928389726028,1,2,9,10.00488800000312,10498,0,0,0,,,,,solutions/small/small_k1_n6_T3_s1__matheuristic__s9__h1.json
small,small_k1_n6_T3_s1,small,matheuristic,10,1.0,10.0,4205.486942238973,3249.7200476000003,954.9996018000002,0.7672928389726028,1,2,9,10.0056762000022,9900,0,0,0,,,,,solutions/small/small_k1_n6_T3_s1__matheuristic__s10__h1.json
small,small_k1_n6_T3_s2,small,alns,1,1.0,10.0,4901.820632158972,3249.7200476000003,1651.1182558,0.982328758972603,1,3,11,10.00104690000444,9380,0,,,,,,,solutions/small/small_k1_n6_T3_s2__alns__s1__h1.json
small,small_k1_n6_T3_s2,small,alns,2,1.0,10.0,4901.820632158972,3249.7200476000003,1651.1182558,0.982328758972603,1,3,11,10.000719499999832,9425,0,,,,,,,solutions/small/small_k1_n6_T3_s2__alns__s2__h1.json
small,small_k1_n6_T3_s2,small,alns,3,1.0,10.0,4901.820632158972,3249.7200476000003,1651.1182558,0.982328758972603,1,3,11,10.00103549999767,9090,0,,,,,,,solutions/small/small_k1_n6_T3_s2__alns__s3__h1.json
small,small_k1_n6_T3_s2,small,alns,4,1.0,10.0,4901.820632158972,3249.7200476000003,1651.1182558,0.982328758972603,1,3,11,10.001069100006134,8812,0,,,,,,,solutions/small/small_k1_n6_T3_s2__alns__s4__h1.json
small,small_k1_n6_T3_s2,small,alns,5,1.0,10.0,4901.820632158972,3249.7200476000003,1651.1182558,0.982328758972603,1,3,11,10.001743599998008,8691,0,,,,,,,solutions/small/small_k1_n6_T3_s2__alns__s5__h1.json
small,small_k1_n6_T3_s2,small,alns,6,1.0,10.0,4901.820632158972,3249.7200476000003,1651.1182558,0.982328758972603,1,3,11,10.00098699999944,8771,0,,,,,,,solutions/small/small_k1_n6_T3_s2__alns__s6__h1.json
small,small_k1_n6_T3_s2,small,alns,7,1.0,10.0,4901.820632158972,3249.7200476000003,1651.1182558,0.982328758972603,1,3,11,10.001090300000214,9756,0,,,,,,,solutions/small/small_k1_n6_T3_s2__alns__s7__h1.json
small,small_k1_n6_T3_s2,small,alns,8,1.0,10.0,4901.820632158972,3249.7200476000003,1651.1182558,0.982328758972603,1,3,11,10.00021829999605,9682,0,,,,,,,solutions/small/small_k1_n6_T3_s2__alns__s8__h1.json
small,small_k1_n6_T3_s2,small,alns,9,1.0,10.0,4901.820632158972,3249.7200476000003,1651.1182558,0.982328758972603,1,3,11,10.000508700002683,9784,0,,,,,,,solutions/small/small_k1_n6_T3_s2__alns__s9__h1.json
small,small_k1_n6_T3_s2,small,alns,10,1.0,10.0,4901.820632158972,3249.7200476000003,1651.1182558,0.982328758972603,1,3,11,10.001250299996173,9635,0,,,,,,,solutions/small/small_k1_n6_T3_s2__alns__s10__h1.json
small,small_k1_n6_T3_s2,small,greedy,,1.0,,4901.820632158973,3249.7200476000003,1651.1182558000005,0.9823287589726032,1,3,11,0.0003024999969056,,,,,,,,,solutions/small/small_k1_n6_T3_s2__greedy__det__h1.json
small,small_k1_n6_T3_s2,small,gurobi,,1.0,600.0,4901.820632158972,3249.7200476000003,1651.1182558,0.9823287589726032,1,3,11,0.4167289999968488,,,,,optimal,4901.820632158972,4901.820632158972,0.0,solutions/small/small_k1_n6_T3_s2__gurobi__det__h1.json
small,small_k1_n6_T3_s2,small,matheuristic,1,1.0,10.0,4901.820632158972,3249.7200476000003,1651.1182558,0.982328758972603,1,3,11,10.00525850000122,9068,0,0,0,,,,,solutions/small/small_k1_n6_T3_s2__matheuristic__s1__h1.json
small,small_k1_n6_T3_s2,small,matheuristic,2,1.0,10.0,4901.820632158972,3249.7200476000003,1651.1182558,0.982328758972603,1,3,11,10.003472599993984,9000,0,0,0,,,,,solutions/small/small_k1_n6_T3_s2__matheuristic__s2__h1.json
small,small_k1_n6_T3_s2,small,matheuristic,3,1.0,10.0,4901.820632158972,3249.7200476000003,1651.1182558,0.982328758972603,1,3,11,10.00546129999566,9049,0,0,0,,,,,solutions/small/small_k1_n6_T3_s2__matheuristic__s3__h1.json
small,small_k1_n6_T3_s2,small,matheuristic,4,1.0,10.0,4901.820632158972,3249.7200476000003,1651.1182558,0.982328758972603,1,3,11,10.00731999999698,9798,0,0,0,,,,,solutions/small/small_k1_n6_T3_s2__matheuristic__s4__h1.json
small,small_k1_n6_T3_s2,small,matheuristic,5,1.0,10.0,4901.820632158972,3249.7200476000003,1651.1182558,0.982328758972603,1,3,11,10.005518999998458,9833,0,0,0,,,,,solutions/small/small_k1_n6_T3_s2__matheuristic__s5__h1.json
small,small_k1_n6_T3_s2,small,matheuristic,6,1.0,10.0,4901.820632158972,3249.7200476000003,1651.1182558,0.982328758972603,1,3,11,10.004768999999214,9898,0,0,0,,,,,solutions/small/small_k1_n6_T3_s2__matheuristic__s6__h1.json
small,small_k1_n6_T3_s2,small,matheuristic,7,1.0,10.0,4901.820632158972,3249.7200476000003,1651.1182558,0.982328758972603,1,3,11,10.003445599999395,9719,0,0,0,,,,,solutions/small/small_k1_n6_T3_s2__matheuristic__s7__h1.json
small,small_k1_n6_T3_s2,small,matheuristic,8,1.0,10.0,4901.820632158972,3249.7200476000003,1651.1182558,0.982328758972603,1,3,11,10.004554699997245,9484,0,0,0,,,,,solutions/small/small_k1_n6_T3_s2__matheuristic__s8__h1.json
small,small_k1_n6_T3_s2,small,matheuristic,9,1.0,10.0,4901.820632158972,3249.7200476000003,1651.1182558,0.982328758972603,1,3,11,10.00473420000344,9296,0,0,0,,,,,solutions/small/small_k1_n6_T3_s2__matheuristic__s9__h1.json
small,small_k1_n6_T3_s2,small,matheuristic,10,1.0,10.0,4901.820632158972,3249.7200476000003,1651.1182558,0.982328758972603,1,3,11,10.005342200005543,9437,0,0,0,,,,,solutions/small/small_k1_n6_T3_s2__matheuristic__s10__h1.json
small,small_k1_n8_T3_s1,small,alns,1,1.0,10.0,4577.858395729521,3249.7200476000003,1327.4045626000002,0.7337855295205482,1,3,14,10.000768500001868,9041,0,,,,,,,solutions/small/small_k1_n8_T3_s1__alns__s1__h1.json
small,small_k1_n8_T3_s1,small,alns,2,1.0,10.0,4577.858395729521,3249.7200476000003,1327.4045626000002,0.7337855295205482,1,3,14,10.000315999997838,8801,0,,,,,,,solutions/small/small_k1_n8_T3_s1__alns__s2__h1.json
small,small_k1_n8_T3_s1,small,alns,3,1.0,10.0,4577.858395729521,3249.7200476000003,1327.4045626,0.7337855295205482,1,3,15,10.000997900002403,7342,0,,,,,,,solutions/small/small_k1_n8_T3_s1__alns__s3__h1.json
small,small_k1_n8_T3_s1,small,alns,4,1.0,10.0,4577.858395729521,3249.7200476000003,1327.4045626000002,0.7337855295205482,1,3,14,10.001035900000716,7349,0,,,,,,,solutions/small/small_k1_n8_T3_s1__alns__s4__h1.json
small,small_k1_n8_T3_s1,small,alns,5,1.0,10.0,4577.858395729521,3249.7200476000003,1327.4045626000002,0.7337855295205483,1,3,15,10.002804499999913,7177,0,,,,,,,solutions/small/small_k1_n8_T3_s1__alns__s5__h1.json
small,small_k1_n8_T3_s1,small,alns,6,1.0,10.0,4577.858395729521,3249.7200476000003,1327.4045626,0.7337855295205482,1,3,14,10.000954899995122,8382,0,,,,,,,solutions/small/small_k1_n8_T3_s1__alns__s6__h1.json
small,small_k1_n8_T3_s1,small,alns,7,1.0,10.0,4577.858395729521,3249.7200476000003,1327.4045626000002,0.7337855295205482,1,3,14,10.000325499997416,8330,0,,,,,,,solutions/small/small_k1_n8_T3_s1__alns__s7__h1.json
small,small_k1_n8_T3_s1,small,alns,8,1.0,10.0,4577.858395729521,3249.7200476000003,1327.4045626000002,0.7337855295205482,1,3,14,10.00059809999948,8457,0,,,,,,,solutions/small/small_k1_n8_T3_s1__alns__s8__h1.json
small,small_k1_n8_T3_s1,small,alns,9,1.0,10.0,4577.858395729521,3249.7200476000003,1327.4045626000002,0.7337855295205483,1,3,15,10.001821899997594,8087,0,,,,,,,solutions/small/small_k1_n8_T3_s1__alns__s9__h1.json
small,small_k1_n8_T3_s1,small,alns,10,1.0,10.0,4577.858395729521,3249.7200476000003,1327.4045626,0.7337855295205483,1,3,15,10.000860599997395,7985,0,,,,,,,solutions/small/small_k1_n8_T3_s1__alns__s10__h1.json
small,small_k1_n8_T3_s1,small,greedy,,1.0,,4682.124260965343,3249.7200476000003,1430.7052414,1.6989719653424666,1,3,13,0.0003004000027431,,,,,,,,,solutions/small/small_k1_n8_T3_s1__greedy__det__h1.json
small,small_k1_n8_T3_s1,small,gurobi,,1.0,600.0,4577.858395729521,3249.7200476000003,1327.4045626000002,0.7337855295205484,1,3,15,19.93025349999516,,,,,optimal,4577.85839572952,4577.85839572952,0.0,solutions/small/small_k1_n8_T3_s1__gurobi__det__h1.json
small,small_k1_n8_T3_s1,small,matheuristic,1,1.0,10.0,4577.858395729521,3249.7200476000003,1327.4045626000002,0.7337855295205482,1,3,14,10.004816399996344,8707,0,0,0,,,,,solutions/small/small_k1_n8_T3_s1__matheuristic__s1__h1.json
small,small_k1_n8_T3_s1,small,matheuristic,2,1.0,10.0,4577.858395729521,3249.7200476000003,1327.4045626000002,0.7337855295205482,1,3,14,10.004643299995225,6766,0,0,0,,,,,solutions/small/small_k1_n8_T3_s1__matheuristic__s2__h1.json
small,small_k1_n8_T3_s1,small,matheuristic,3,1.0,10.0,4577.858395729521,3249.7200476000003,1327.4045626,0.7337855295205482,1,3,14,10.005019399999584,6816,0,0,0,,,,,solutions/small/small_k1_n8_T3_s1__matheuristic__s3__h1.json
small,small_k1_n8_T3_s1,small,matheuristic,4,1.0,10.0,4577.858395729521,3249.7200476000003,1327.4045626000002,0.7337855295205482,1,3,14,10.007793999997377,6930,0,0,0,,,,,solutions/small/small_k1_n8_T3_s1__matheuristic__s4__h1.json
small,small_k1_n8_T3_s1,small,matheuristic,5,1.0,10.0,4577.858395729521,3249.7200476000003,1327.4045626000002,0.7337855295205483,1,3,15,10.00751129999844,7023,0,0,0,,,,,solutions/small/small_k1_n8_T3_s1__matheuristic__s5__h1.json
small,small_k1_n8_T3_s1,small,matheuristic,6,1.0,10.0,4577.858395729521,3249.7200476000003,1327.4045626,0.7337855295205482,1,3,14,10.00632459999906,8664,0,0,0,,,,,solutions/small/small_k1_n8_T3_s1__matheuristic__s6__h1.json
small,small_k1_n8_T3_s1,small,matheuristic,7,1.0,10.0,4577.858395729521,3249.7200476000003,1327.4045626000002,0.7337855295205482,1,3,14,10.007283899998583,8673,0,0,0,,,,,solutions/small/small_k1_n8_T3_s1__matheuristic__s7__h1.json
small,small_k1_n8_T3_s1,small,matheuristic,8,1.0,10.0,4577.858395729521,3249.7200476000003,1327.4045626000002,0.7337855295205482,1,3,14,10.0063397000049,9166,0,0,0,,,,,solutions/small/small_k1_n8_T3_s1__matheuristic__s8__h1.json
small,small_k1_n8_T3_s1,small,matheuristic,9,1.0,10.0,4577.858395729521,3249.7200476000003,1327.4045626000002,0.7337855295205483,1,3,15,10.004418700002134,9049,0,0,0,,,,,solutions/small/small_k1_n8_T3_s1__matheuristic__s9__h1.json
small,small_k1_n8_T3_s1,small,matheuristic,10,1.0,10.0,4577.858395729521,3249.7200476000003,1327.4045626,0.7337855295205483,1,3,15,10.005939599999692,9403,0,0,0,,,,,solutions/small/small_k1_n8_T3_s1__matheuristic__s10__h1.json
small,small_k1_n8_T3_s2,small,alns,1,1.0,10.0,5019.579142341439,3249.7200476000003,1768.4974256000005,1.3616691414383566,1,3,14,10.001278099996853,7717,0,,,,,,,solutions/small/small_k1_n8_T3_s2__alns__s1__h1.json
small,small_k1_n8_T3_s2,small,alns,2,1.0,10.0,5019.579142341439,3249.7200476000003,1768.4974256000005,1.3616691414383566,1,3,14,10.0004592999976,8059,0,,,,,,,solutions/small/small_k1_n8_T3_s2__alns__s2__h1.json
small,small_k1_n8_T3_s2,small,alns,3,1.0,10.0,5019.579142341439,3249.7200476000003,1768.4974256000005,1.3616691414383566,1,3,14,10.000154300003487,8204,0,,,,,,,solutions/small/small_k1_n8_T3_s2__alns__s3__h1.json
small,small_k1_n8_T3_s2,small,alns,4,1.0,10.0,5019.579142341439,3249.7200476000003,1768.4974256,1.3616691414383566,1,3,14,10.00051999999414,8713,0,,,,,,,solutions/small/small_k1_n8_T3_s2__alns__s4__h1.json
small,small_k1_n8_T3_s2,small,alns,5,1.0,10.0,5019.579142341439,3249.7200476000003,1768.4974256000005,1.3616691414383566,1,3,14,10.00103549999767,8744,0,,,,,,,solutions/small/small_k1_n8_T3_s2__alns__s5__h1.json
small,small_k1_n8_T3_s2,small,alns,6,1.0,10.0,5019.579142341439,3249.7200476000003,1768.4974256000005,1.3616691414383566,1,3,14,10.000283599998513,8443,0,,,,,,,solutions/small/small_k1_n8_T3_s2__alns__s6__h1.json
small,small_k1_n8_T3_s2,small,alns,7,1.0,10.0,5019.579142341439,3249.7200476000003,1768.4974256000005,1.3616691414383566,1,3,14,10.0008472000045,8493,0,,,,,,,solutions/small/small_k1_n8_T3_s2__alns__s7__h1.json
small,small_k1_n8_T3_s2,small,alns,8,1.0,10.0,5019.579142341439,3249.7200476000003,1768.4974256,1.3616691414383566,1,3,14,10.00063869999576,8638,0,,,,,,,solutions/small/small_k1_n8_T3_s2__alns__s8__h1.json
small,small_k1_n8_T3_s2,small,alns,9,1.0,10.0,5019.579142341439,3249.7200476000003,1768.4974256,1.3616691414383566,1,3,14,10.001888300001156,8696,0,,,,,,,solutions/small/small_k1_n8_T3_s2__alns__s9__h1.json
small,small_k1_n8_T3_s2,small,alns,10,1.0,10.0,5019.579142341439,3249.7200476000003,1768.4974256000005,1.3616691414383566,1,3,14,10.00025319999986,8611,0,,,,,,,solutions/small/small_k1_n8_T3_s2__alns__s10__h1.json
small,small_k1_n8_T3_s2,small,greedy,,1.0,,5237.463205741438,3249.7200476000003,1986.381489,1.3616691414383566,1,3,14,0.000338500001817,,,,,,,,,solutions/small/small_k1_n8_T3_s2__greedy__det__h1.json
small,small_k1_n8_T3_s2,small,gurobi,,1.0,600.0,5019.579142341439,3249.7200476000003,1768.4974256000005,1.3616691414383566,1,3,14,2.360023099994578,,,,,optimal,5019.579142341438,5019.579142341438,0.0,solutions/small/small_k1_n8_T3_s2__gurobi__det__h1.json
small,small_k1_n8_T3_s2,small,matheuristic,1,1.0,10.0,5019.579142341439,3249.7200476000003,1768.4974256000005,1.3616691414383566,1,3,14,10.006460299999162,8997,0,0,0,,,,,solutions/small/small_k1_n8_T3_s2__matheuristic__s1__h1.json
small,small_k1_n8_T3_s2,small,matheuristic,2,1.0,10.0,5019.579142341439,3249.7200476000003,1768.4974256000005,1.3616691414383566,1,3,14,10.005683200004569,8931,0,0,0,,,,,solutions/small/small_k1_n8_T3_s2__matheuristic__s2__h1.json
small,small_k1_n8_T3_s2,small,matheuristic,3,1.0,10.0,5019.579142341439,3249.7200476000003,1768.4974256000005,1.3616691414383566,1,3,14,10.004068399997776,8672,0,0,0,,,,,solutions/small/small_k1_n8_T3_s2__matheuristic__s3__h1.json
small,small_k1_n8_T3_s2,small,matheuristic,4,1.0,10.0,5019.579142341439,3249.7200476000003,1768.4974256,1.3616691414383566,1,3,14,10.005183700006455,8536,0,0,0,,,,,solutions/small/small_k1_n8_T3_s2__matheuristic__s4__h1.json
small,small_k1_n8_T3_s2,small,matheuristic,5,1.0,10.0,5019.579142341439,3249.7200476000003,1768.4974256000005,1.3616691414383566,1,3,14,10.005317399998605,8552,0,0,0,,,,,solutions/small/small_k1_n8_T3_s2__matheuristic__s5__h1.json
small,small_k1_n8_T3_s2,small,matheuristic,6,1.0,10.0,5019.579142341439,3249.7200476000003,1768.4974256000005,1.3616691414383566,1,3,14,10.004775600005814,8658,0,0,0,,,,,solutions/small/small_k1_n8_T3_s2__matheuristic__s6__h1.json
small,small_k1_n8_T3_s2,small,matheuristic,7,1.0,10.0,5019.579142341439,3249.7200476000003,1768.4974256000005,1.3616691414383566,1,3,14,10.00666949999868,9057,0,0,0,,,,,solutions/small/small_k1_n8_T3_s2__matheuristic__s7__h1.json
small,small_k1_n8_T3_s2,small,matheuristic,8,1.0,10.0,5019.579142341439,3249.7200476000003,1768.4974256,1.3616691414383566,1,3,14,10.004836000000068,8667,0,0,0,,,,,solutions/small/small_k1_n8_T3_s2__matheuristic__s8__h1.json
small,small_k1_n8_T3_s2,small,matheuristic,9,1.0,10.0,5019.579142341439,3249.7200476000003,1768.4974256,1.3616691414383566,1,3,14,10.005586300001596,8739,0,0,0,,,,,solutions/small/small_k1_n8_T3_s2__matheuristic__s9__h1.json
small,small_k1_n8_T3_s2,small,matheuristic,10,1.0,10.0,5019.579142341439,3249.7200476000003,1768.4974256000005,1.3616691414383566,1,3,14,10.005733500001952,8826,0,0,0,,,,,solutions/small/small_k1_n8_T3_s2__matheuristic__s10__h1.json
small,small_k2_n10_T3_s1,small,alns,1,1.0,10.0,7279.778660855275,5717.265420400001,1559.8689246000004,2.644315855273973,2,5,13,10.003656900000353,8609,0,,,,,,,solutions/small/small_k2_n10_T3_s1__alns__s1__h1.json
small,small_k2_n10_T3_s1,small,alns,2,1.0,10.0,7279.778660855275,5717.265420400001,1559.8689246000004,2.644315855273973,2,5,13,10.00040579999768,8403,0,,,,,,,solutions/small/small_k2_n10_T3_s1__alns__s2__h1.json
small,small_k2_n10_T3_s1,small,alns,3,1.0,10.0,7279.778660855275,5717.265420400001,1559.8689246000004,2.644315855273973,2,5,13,10.00108540000656,8527,0,,,,,,,solutions/small/small_k2_n10_T3_s1__alns__s3__h1.json
small,small_k2_n10_T3_s1,small,alns,4,1.0,10.0,7279.778660855275,5717.265420400001,1559.8689246000004,2.644315855273973,2,5,13,10.000124900005176,8564,0,,,,,,,solutions/small/small_k2_n10_T3_s1__alns__s4__h1.json
small,small_k2_n10_T3_s1,small,alns,5,1.0,10.0,7279.778660855275,5717.265420400001,1559.8689246000004,2.644315855273973,2,5,13,10.001279100004467,8488,0,,,,,,,solutions/small/small_k2_n10_T3_s1__alns__s5__h1.json
small,small_k2_n10_T3_s1,small,alns,6,1.0,10.0,7279.778660855275,5717.265420400001,1559.8689246000004,2.644315855273973,2,5,13,10.000614100004896,8448,0,,,,,,,solutions/small/small_k2_n10_T3_s1__alns__s6__h1.json
small,small_k2_n10_T3_s1,small,alns,7,1.0,10.0,7279.778660855275,5717.265420400001,1559.8689246000004,2.644315855273973,2,5,13,10.000396899995394,8420,0,,,,,,,solutions/small/small_k2_n10_T3_s1__alns__s7__h1.json
small,small_k2_n10_T3_s1,small,alns,8,1.0,10.0,7279.778660855275,5717.265420400001,1559.8689246000004,2.644315855273973,2,5,13,10.000351899994712,8633,0,,,,,,,solutions/small/small_k2_n10_T3_s1__alns__s8__h1.json
small,small_k2_n10_T3_s1,small,alns,9,1.0,10.0,7279.778660855275,5717.265420400001,1559.8689246000004,2.644315855273973,2,5,13,10.000174299995706,8688,0,,,,,,,solutions/small/small_k2_n10_T3_s1__alns__s9__h1.json
small,small_k2_n10_T3_s1,small,alns,10,1.0,10.0,7279.778660855275,5717.265420400001,1559.8689246000004,2.644315855273973,2,5,13,10.00093509999715,8452,0,,,,,,,solutions/small/small_k2_n10_T3_s1__alns__s10__h1.json
small,small_k2_n10_T3_s1,small,greedy,,1.0,,7369.749577455275,5717.265420400001,1649.8398412000004,2.644315855273973,2,5,13,0.0003556000010576,,,,,,,,,solutions/small/small_k2_n10_T3_s1__greedy__det__h1.json
small,small_k2_n10_T3_s1,small,gurobi,,1.0,600.0,7279.778660855275,5717.265420400001,1559.8689246000004,2.644315855273973,2,5,13,46.20075550000183,,,,,optimal,7279.778660855274,7279.778660855274,0.0,solutions/small/small_k2_n10_T3_s1__gurobi__det__h1.json
small,small_k2_n10_T3_s1,small,matheuristic,1,1.0,10.0,7279.778660855275,5717.265420400001,1559.8689246000004,2.644315855273973,2,5,13,10.006497900001705,8616,0,0,0,,,,,solutions/small/small_k2_n10_T3_s1__matheuristic__s1__h1.json
small,small_k2_n10_T3_s1,small,matheuristic,2,1.0,10.0,7279.778660855275,5717.265420400001,1559.8689246000004,2.644315855273973,2,5,13,10.007913800000097,8143,0,0,0,,,,,solutions/small/small_k2_n10_T3_s1__matheuristic__s2__h1.json
small,small_k2_n10_T3_s1,small,matheuristic,3,1.0,10.0,7279.778660855275,5717.265420400001,1559.8689246000004,2.644315855273973,2,5,13,10.0074781000003,8114,0,0,0,,,,,solutions/small/small_k2_n10_T3_s1__matheuristic__s3__h1.json
small,small_k2_n10_T3_s1,small,matheuristic,4,1.0,10.0,7279.778660855275,5717.265420400001,1559.8689246000004,2.644315855273973,2,5,13,10.006755399997928,8068,0,0,0,,,,,solutions/small/small_k2_n10_T3_s1__matheuristic__s4__h1.json
small,small_k2_n10_T3_s1,small,matheuristic,5,1.0,10.0,7279.778660855275,5717.265420400001,1559.8689246000004,2.644315855273973,2,5,13,10.005257600001642,7674,0,0,0,,,,,solutions/small/small_k2_n10_T3_s1__matheuristic__s5__h1.json
small,small_k2_n10_T3_s1,small,matheuristic,6,1.0,10.0,7279.778660855275,5717.265420400001,1559.8689246000004,2.644315855273973,2,5,13,10.00694829999702,7474,0,0,0,,,,,solutions/small/small_k2_n10_T3_s1__matheuristic__s6__h1.json
small,small_k2_n10_T3_s1,small,matheuristic,7,1.0,10.0,7279.778660855275,5717.265420400001,1559.8689246000004,2.644315855273973,2,5,13,10.00828360000014,7423,0,0,0,,,,,solutions/small/small_k2_n10_T3_s1__matheuristic__s7__h1.json
small,small_k2_n10_T3_s1,small,matheuristic,8,1.0,10.0,7279.778660855275,5717.265420400001,1559.8689246000004,2.644315855273973,2,5,13,10.005502799998794,7898,0,0,0,,,,,solutions/small/small_k2_n10_T3_s1__matheuristic__s8__h1.json
small,small_k2_n10_T3_s1,small,matheuristic,9,1.0,10.0,7279.778660855275,5717.265420400001,1559.8689246000004,2.644315855273973,2,5,13,10.007113300001947,7913,0,0,0,,,,,solutions/small/small_k2_n10_T3_s1__matheuristic__s9__h1.json
small,small_k2_n10_T3_s1,small,matheuristic,10,1.0,10.0,7279.778660855275,5717.265420400001,1559.8689246000004,2.644315855273973,2,5,13,10.006354800003464,8080,0,0,0,,,,,solutions/small/small_k2_n10_T3_s1__matheuristic__s10__h1.json
small,small_k2_n10_T3_s2,small,alns,1,1.0,10.0,8865.160189479453,5717.265420400001,3141.5983406,6.296428479452056,2,6,17,10.000384999999367,7865,0,,,,,,,solutions/small/small_k2_n10_T3_s2__alns__s1__h1.json
small,small_k2_n10_T3_s2,small,alns,2,1.0,10.0,8865.160189479453,5717.265420400001,3141.5983406,6.296428479452056,2,6,17,10.000780000002123,7791,0,,,,,,,solutions/small/small_k2_n10_T3_s2__alns__s2__h1.json
small,small_k2_n10_T3_s2,small,alns,3,1.0,10.0,8865.160189479453,5717.265420400001,3141.5983406,6.296428479452056,2,6,17,10.000350099995558,7502,0,,,,,,,solutions/small/small_k2_n10_T3_s2__alns__s3__h1.json
small,small_k2_n10_T3_s2,small,alns,4,1.0,10.0,8865.160189479453,5717.265420400001,3141.5983406,6.296428479452056,2,6,17,10.000930700000026,7340,0,,,,,,,solutions/small/small_k2_n10_T3_s2__alns__s4__h1.json
small,small_k2_n10_T3_s2,small,alns,5,1.0,10.0,8865.160189479453,5717.265420400001,3141.5983406,6.296428479452056,2,6,17,10.00080280000111,7477,0,,,,,,,solutions/small/small_k2_n10_T3_s2__alns__s5__h1.json
small,small_k2_n10_T3_s2,small,alns,6,1.0,10.0,8865.160189479453,5717.265420400001,3141.5983406,6.296428479452056,2,6,17,10.000205600001207,7590,0,,,,,,,solutions/small/small_k2_n10_T3_s2__alns__s6__h1.json
small,small_k2_n10_T3_s2,small,alns,7,1.0,10.0,8865.160189479453,5717.265420400001,3141.5983406,6.296428479452056,2,6,17,10.000601300002018,7581,0,,,,,,,solutions/small/small_k2_n10_T3_s2__alns__s7__h1.json
small,small_k2_n10_T3_s2,small,alns,8,1.0,10.0,8865.160189479453,5717.265420400001,3141.5983406,6.296428479452056,2,6,17,10.00049779999972,6517,0,,,,,,,solutions/small/small_k2_n10_T3_s2__alns__s8__h1.json
small,small_k2_n10_T3_s2,small,alns,9,1.0,10.0,8865.160189479453,5717.265420400001,3141.5983406,6.296428479452056,2,6,17,10.00037400000292,6539,0,,,,,,,solutions/small/small_k2_n10_T3_s2__alns__s9__h1.json
small,small_k2_n10_T3_s2,small,alns,10,1.0,10.0,8865.160189479453,5717.265420400001,3141.5983406,6.296428479452056,2,6,17,10.000163700002304,6520,0,,,,,,,solutions/small/small_k2_n10_T3_s2__alns__s10__h1.json
small,small_k2_n10_T3_s2,small,greedy,,1.0,,8874.961368079454,5717.265420400001,3151.3995192,6.296428479452056,2,6,17,0.0004028999974252,,,,,,,,,solutions/small/small_k2_n10_T3_s2__greedy__det__h1.json
small,small_k2_n10_T3_s2,small,gurobi,,1.0,600.0,8865.160189479453,5717.265420400001,3141.5983406,6.296428479452057,2,6,17,0.8718802000003052,,,,,optimal,8865.160189479451,8865.160189479451,0.0,solutions/small/small_k2_n10_T3_s2__gurobi__det__h1.json
small,small_k2_n10_T3_s2,small,matheuristic,1,1.0,10.0,8865.160189479453,5717.265420400001,3141.5983406,6.296428479452056,2,6,17,10.00616760000412,7565,0,0,0,,,,,solutions/small/small_k2_n10_T3_s2__matheuristic__s1__h1.json
small,small_k2_n10_T3_s2,small,matheuristic,2,1.0,10.0,8865.160189479453,5717.265420400001,3141.5983406,6.296428479452056,2,6,17,10.00700749999669,7548,0,0,0,,,,,solutions/small/small_k2_n10_T3_s2__matheuristic__s2__h1.json
small,small_k2_n10_T3_s2,small,matheuristic,3,1.0,10.0,8865.160189479453,5717.265420400001,3141.5983406,6.296428479452056,2,6,17,10.00702530000126,7673,0,0,0,,,,,solutions/small/small_k2_n10_T3_s2__matheuristic__s3__h1.json
small,small_k2_n10_T3_s2,small,matheuristic,4,1.0,10.0,8865.160189479453,5717.265420400001,3141.5983406,6.296428479452056,2,6,17,10.006430499997805,8245,0,0,0,,,,,solutions/small/small_k2_n10_T3_s2__matheuristic__s4__h1.json
small,small_k2_n10_T3_s2,small,matheuristic,5,1.0,10.0,8865.160189479453,5717.265420400001,3141.5983406,6.296428479452056,2,6,17,10.007419799992933,8028,0,0,0,,,,,solutions/small/small_k2_n10_T3_s2__matheuristic__s5__h1.json
small,small_k2_n10_T3_s2,small,matheuristic,6,1.0,10.0,8865.160189479453,5717.265420400001,3141.5983406,6.296428479452056,2,6,17,10.005424899994978,7939,0,0,0,,,,,solutions/small/small_k2_n10_T3_s2__matheuristic__s6__h1.json
small,small_k2_n10_T3_s2,small,matheuristic,7,1.0,10.0,8865.160189479453,5717.265420400001,3141.5983406,6.296428479452056,2,6,17,10.004568699994708,7925,0,0,0,,,,,solutions/small/small_k2_n10_T3_s2__matheuristic__s7__h1.json
small,small_k2_n10_T3_s2,small,matheuristic,8,1.0,10.0,8865.160189479453,5717.265420400001,3141.5983406,6.296428479452056,2,6,17,10.006525899996632,6720,0,0,0,,,,,solutions/small/small_k2_n10_T3_s2__matheuristic__s8__h1.json
small,small_k2_n10_T3_s2,small,matheuristic,9,1.0,10.0,8865.160189479453,5717.265420400001,3141.5983406,6.296428479452056,2,6,17,10.007939899995108,6858,0,0,0,,,,,solutions/small/small_k2_n10_T3_s2__matheuristic__s9__h1.json
small,small_k2_n10_T3_s2,small,matheuristic,10,1.0,10.0,8865.160189479453,5717.265420400001,3141.5983406,6.296428479452056,2,6,17,10.006935500001418,7015,0,0,0,,,,,solutions/small/small_k2_n10_T3_s2__matheuristic__s10__h1.json
small,small_k2_n6_T3_s1,small,alns,1,1.0,10.0,3754.118834748151,2467.5453728,1284.727021,1.8464409481506847,1,4,7,10.000132499997562,10876,0,,,,,,,solutions/small/small_k2_n6_T3_s1__alns__s1__h1.json
small,small_k2_n6_T3_s1,small,alns,2,1.0,10.0,3754.118834748151,2467.5453728,1284.727021,1.8464409481506847,1,4,7,10.000677500000164,11485,0,,,,,,,solutions/small/small_k2_n6_T3_s1__alns__s2__h1.json
small,small_k2_n6_T3_s1,small,alns,3,1.0,10.0,3754.118834748151,2467.5453728,1284.727021,1.8464409481506847,1,4,7,10.001130399999964,11499,0,,,,,,,solutions/small/small_k2_n6_T3_s1__alns__s3__h1.json
small,small_k2_n6_T3_s1,small,alns,4,1.0,10.0,3754.118834748151,2467.5453728,1284.727021,1.8464409481506847,1,4,7,10.000836700004584,11171,0,,,,,,,solutions/small/small_k2_n6_T3_s1__alns__s4__h1.json
small,small_k2_n6_T3_s1,small,alns,5,1.0,10.0,3754.118834748151,2467.5453728,1284.727021,1.8464409481506852,1,4,7,10.000121100005344,11105,0,,,,,,,solutions/small/small_k2_n6_T3_s1__alns__s5__h1.json
small,small_k2_n6_T3_s1,small,alns,6,1.0,10.0,3754.118834748151,2467.5453728,1284.727021,1.8464409481506852,1,4,7,10.000447099999292,10971,0,,,,,,,solutions/small/small_k2_n6_T3_s1__alns__s6__h1.json
small,small_k2_n6_T3_s1,small,alns,7,1.0,10.0,3754.118834748151,2467.5453728,1284.727021,1.8464409481506847,1,4,7,10.000691400004143,10867,0,,,,,,,solutions/small/small_k2_n6_T3_s1__alns__s7__h1.json
small,small_k2_n6_T3_s1,small,alns,8,1.0,10.0,3754.118834748151,2467.5453728,1284.727021,1.8464409481506847,1,4,7,10.000370400004613,10828,0,,,,,,,solutions/small/small_k2_n6_T3_s1__alns__s8__h1.json
small,small_k2_n6_T3_s1,small,alns,9,1.0,10.0,3754.118834748151,2467.5453728,1284.727021,1.8464409481506852,1,4,7,10.000755399996706,11103,0,,,,,,,solutions/small/small_k2_n6_T3_s1__alns__s9__h1.json
small,small_k2_n6_T3_s1,small,alns,10,1.0,10.0,3754.118834748151,2467.5453728,1284.727021,1.8464409481506852,1,4,7,10.000526499999978,9751,0,,,,,,,solutions/small/small_k2_n6_T3_s1__alns__s10__h1.json
small,small_k2_n6_T3_s1,small,greedy,,1.0,,3799.452770548152,2467.5453728,1330.0609568000004,1.8464409481506847,1,4,7,0.0002422999968985,,,,,,,,,solutions/small/small_k2_n6_T3_s1__greedy__det__h1.json
small,small_k2_n6_T3_s1,small,gurobi,,1.0,600.0,3754.118834748151,2467.5453728,1284.727021,1.8464409481506847,1,4,7,0.5291556999945897,,,,,optimal,3754.118834748151,3754.118834748151,0.0,solutions/small/small_k2_n6_T3_s1__gurobi__det__h1.json
small,small_k2_n6_T3_s1,small,matheuristic,1,1.0,10.0,3754.118834748151,2467.5453728,1284.727021,1.8464409481506847,1,4,7,10.003588599996874,11058,0,0,0,,,,,solutions/small/small_k2_n6_T3_s1__matheuristic__s1__h1.json
small,small_k2_n6_T3_s1,small,matheuristic,2,1.0,10.0,3754.118834748151,2467.5453728,1284.727021,1.8464409481506847,1,4,7,10.015073700000356,11233,0,0,0,,,,,solutions/small/small_k2_n6_T3_s1__matheuristic__s2__h1.json
small,small_k2_n6_T3_s1,small,matheuristic,3,1.0,10.0,3754.118834748151,2467.5453728,1284.727021,1.8464409481506847,1,4,7,10.01831079999829,11225,0,0,0,,,,,solutions/small/small_k2_n6_T3_s1__matheuristic__s3__h1.json
small,small_k2_n6_T3_s1,small,matheuristic,4,1.0,10.0,3754.118834748151,2467.5453728,1284.727021,1.8464409481506847,1,4,7,10.005468099996506,11285,0,0,0,,,,,solutions/small/small_k2_n6_T3_s1__matheuristic__s4__h1.json
small,small_k2_n6_T3_s1,small,matheuristic,5,1.0,10.0,3754.118834748151,2467.5453728,1284.727021,1.8464409481506852,1,4,7,10.004732900000818,11270,0,0,0,,,,,solutions/small/small_k2_n6_T3_s1__matheuristic__s5__h1.json
small,small_k2_n6_T3_s1,small,matheuristic,6,1.0,10.0,3754.118834748151,2467.5453728,1284.727021,1.8464409481506852,1,4,7,10.004275100000086,11107,0,0,0,,,,,solutions/small/small_k2_n6_T3_s1__matheuristic__s6__h1.json
small,small_k2_n6_T3_s1,small,matheuristic,7,1.0,10.0,3754.118834748151,2467.5453728,1284.727021,1.8464409481506847,1,4,7,10.005767199996626,11243,0,0,0,,,,,solutions/small/small_k2_n6_T3_s1__matheuristic__s7__h1.json
small,small_k2_n6_T3_s1,small,matheuristic,8,1.0,10.0,3754.118834748151,2467.5453728,1284.727021,1.8464409481506847,1,4,7,10.00514960000146,11046,0,0,0,,,,,solutions/small/small_k2_n6_T3_s1__matheuristic__s8__h1.json
small,small_k2_n6_T3_s1,small,matheuristic,9,1.0,10.0,3754.118834748151,2467.5453728,1284.727021,1.8464409481506852,1,4,7,10.004217000001518,10985,0,0,0,,,,,solutions/small/small_k2_n6_T3_s1__matheuristic__s9__h1.json
small,small_k2_n6_T3_s1,small,matheuristic,10,1.0,10.0,3754.118834748151,2467.5453728,1284.727021,1.8464409481506852,1,4,7,10.005356300003768,9014,0,0,0,,,,,solutions/small/small_k2_n6_T3_s1__matheuristic__s10__h1.json
small,small_k2_n6_T3_s2,small,alns,1,1.0,10.0,7673.566837258974,5717.265420400001,1954.3335068000004,1.967910058972603,2,4,10,10.00337969999964,8876,0,,,,,,,solutions/small/small_k2_n6_T3_s2__alns__s1__h1.json
small,small_k2_n6_T3_s2,small,alns,2,1.0,10.0,7673.566837258974,5717.265420400001,1954.3335068000004,1.967910058972603,2,4,10,10.001239900004292,8632,0,,,,,,,solutions/small/small_k2_n6_T3_s2__alns__s2__h1.json
small,small_k2_n6_T3_s2,small,alns,3,1.0,10.0,7673.566837258974,5717.265420400001,1954.3335068000004,1.967910058972603,2,4,10,10.000165799996466,8524,0,,,,,,,solutions/small/small_k2_n6_T3_s2__alns__s3__h1.json
small,small_k2_n6_T3_s2,small,alns,4,1.0,10.0,7673.566837258974,5717.265420400001,1954.3335068000004,1.967910058972603,2,4,10,10.00133459999779,10025,0,,,,,,,solutions/small/small_k2_n6_T3_s2__alns__s4__h1.json
small,small_k2_n6_T3_s2,small,alns,5,1.0,10.0,7673.566837258974,5717.265420400001,1954.3335068000004,1.967910058972603,2,4,10,10.000244900002144,9964,0,,,,,,,solutions/small/small_k2_n6_T3_s2__alns__s5__h1.json
small,small_k2_n6_T3_s2,small,alns,6,1.0,10.0,7673.566837258974,5717.265420400001,1954.3335068000004,1.967910058972603,2,4,10,10.001011799999104,10237,0,,,,,,,solutions/small/small_k2_n6_T3_s2__alns__s6__h1.json
small,small_k2_n6_T3_s2,small,alns,7,1.0,10.0,7673.566837258974,5717.265420400001,1954.3335068000004,1.967910058972603,2,4,10,10.00058590000117,10320,0,,,,,,,solutions/small/small_k2_n6_T3_s2__alns__s7__h1.json
small,small_k2_n6_T3_s2,small,alns,8,1.0,10.0,7673.566837258974,5717.265420400001,1954.3335068000004,1.967910058972603,2,4,10,10.000736299996788,10412,0,,,,,,,solutions/small/small_k2_n6_T3_s2__alns__s8__h1.json
small,small_k2_n6_T3_s2,small,alns,9,1.0,10.0,7673.566837258974,5717.265420400001,1954.3335068000004,1.967910058972603,2,4,10,10.000132499997562,10341,0,,,,,,,solutions/small/small_k2_n6_T3_s2__alns__s9__h1.json
small,small_k2_n6_T3_s2,small,alns,10,1.0,10.0,7673.566837258974,5717.265420400001,1954.3335068000004,1.967910058972603,2,4,10,10.001354799998808,10254,0,,,,,,,solutions/small/small_k2_n6_T3_s2__alns__s10__h1.json
small,small_k2_n6_T3_s2,small,greedy,,1.0,,7675.93313245322,5717.265420400001,1954.3335068000004,4.33420525321918,2,4,10,0.0002888000017264,,,,,,,,,solutions/small/small_k2_n6_T3_s2__greedy__det__h1.json
small,small_k2_n6_T3_s2,small,gurobi,,1.0,600.0,7673.566837258974,5717.265420400001,1954.3335068000004,1.9679100589726035,2,4,10,0.2156485000014072,,,,,optimal,7673.566837258973,7673.566837258973,0.0,solutions/small/small_k2_n6_T3_s2__gurobi__det__h1.json
small,small_k2_n6_T3_s2,small,matheuristic,1,1.0,10.0,7673.566837258974,5717.265420400001,1954.3335068000004,1.967910058972603,2,4,10,10.004077500001586,8217,0,0,0,,,,,solutions/small/small_k2_n6_T3_s2__matheuristic__s1__h1.json
small,small_k2_n6_T3_s2,small,matheuristic,2,1.0,10.0,7673.566837258974,5717.265420400001,1954.3335068000004,1.967910058972603,2,4,10,10.005524899999727,7781,0,0,0,,,,,solutions/small/small_k2_n6_T3_s2__matheuristic__s2__h1.json
small,small_k2_n6_T3_s2,small,matheuristic,3,1.0,10.0,7673.566837258974,5717.265420400001,1954.3335068000004,1.967910058972603,2,4,10,10.004606499998772,7981,0,0,0,,,,,solutions/small/small_k2_n6_T3_s2__matheuristic__s3__h1.json
small,small_k2_n6_T3_s2,small,matheuristic,4,1.0,10.0,7673.566837258974,5717.265420400001,1954.3335068000004,1.967910058972603,2,4,10,10.00642610000068,9857,0,0,0,,,,,solutions/small/small_k2_n6_T3_s2__matheuristic__s4__h1.json
small,small_k2_n6_T3_s2,small,matheuristic,5,1.0,10.0,7673.566837258974,5717.265420400001,1954.3335068000004,1.967910058972603,2,4,10,10.00643190000119,9884,0,0,0,,,,,solutions/small/small_k2_n6_T3_s2__matheuristic__s5__h1.json
small,small_k2_n6_T3_s2,small,matheuristic,6,1.0,10.0,7673.566837258974,5717.265420400001,1954.3335068000004,1.967910058972603,2,4,10,10.00734039999952,10230,0,0,0,,,,,solutions/small/small_k2_n6_T3_s2__matheuristic__s6__h1.json
small,small_k2_n6_T3_s2,small,matheuristic,7,1.0,10.0,7673.566837258974,5717.265420400001,1954.3335068000004,1.967910058972603,2,4,10,10.005635000001348,9778,0,0,0,,,,,solutions/small/small_k2_n6_T3_s2__matheuristic__s7__h1.json
small,small_k2_n6_T3_s2,small,matheuristic,8,1.0,10.0,7673.566837258974,5717.265420400001,1954.3335068000004,1.967910058972603,2,4,10,10.00657830000273,9212,0,0,0,,,,,solutions/small/small_k2_n6_T3_s2__matheuristic__s8__h1.json
small,small_k2_n6_T3_s2,small,matheuristic,9,1.0,10.0,7673.566837258974,5717.265420400001,1954.3335068000004,1.967910058972603,2,4,10,10.0061876999971,9216,0,0,0,,,,,solutions/small/small_k2_n6_T3_s2__matheuristic__s9__h1.json
small,small_k2_n6_T3_s2,small,matheuristic,10,1.0,10.0,7673.566837258974,5717.265420400001,1954.3335068000004,1.967910058972603,2,4,10,10.012881400005426,9468,0,0,0,,,,,solutions/small/small_k2_n6_T3_s2__matheuristic__s10__h1.json
small,small_k2_n8_T3_s1,small,alns,1,1.0,10.0,7155.431945653631,5717.265420400001,1435.8786388,2.2878864536301373,2,5,11,10.000708999999915,9548,0,,,,,,,solutions/small/small_k2_n8_T3_s1__alns__s1__h1.json
small,small_k2_n8_T3_s1,small,alns,2,1.0,10.0,7155.431945653631,5717.265420400001,1435.8786388,2.2878864536301373,2,5,11,10.00063489999593,8927,0,,,,,,,solutions/small/small_k2_n8_T3_s1__alns__s2__h1.json
small,small_k2_n8_T3_s1,small,alns,3,1.0,10.0,7155.431945653631,5717.265420400001,1435.8786388,2.2878864536301373,2,5,11,10.000921999999264,9006,0,,,,,,,solutions/small/small_k2_n8_T3_s1__alns__s3__h1.json
small,small_k2_n8_T3_s1,small,alns,4,1.0,10.0,7155.431945653631,5717.265420400001,1435.8786388,2.2878864536301373,2,5,11,10.000710999993316,8790,0,,,,,,,solutions/small/small_k2_n8_T3_s1__alns__s4__h1.json
small,small_k2_n8_T3_s1,small,alns,5,1.0,10.0,7155.431945653631,5717.265420400001,1435.8786388,2.2878864536301373,2,5,11,10.000273900004686,8684,0,,,,,,,solutions/small/small_k2_n8_T3_s1__alns__s5__h1.json
small,small_k2_n8_T3_s1,small,alns,6,1.0,10.0,7155.431945653631,5717.265420400001,1435.8786388,2.2878864536301373,2,5,11,10.000196200002392,8854,0,,,,,,,solutions/small/small_k2_n8_T3_s1__alns__s6__h1.json
small,small_k2_n8_T3_s1,small,alns,7,1.0,10.0,7155.431945653631,5717.265420400001,1435.8786388,2.2878864536301373,2,5,11,10.00016979999782,8748,0,,,,,,,solutions/small/small_k2_n8_T3_s1__alns__s7__h1.json
small,small_k2_n8_T3_s1,small,alns,8,1.0,10.0,7155.431945653631,5717.265420400001,1435.8786388,2.2878864536301373,2,5,11,10.000684699996782,9050,0,,,,,,,solutions/small/small_k2_n8_T3_s1__alns__s8__h1.json
small,small_k2_n8_T3_s1,small,alns,9,1.0,10.0,7155.431945653631,5717.265420400001,1435.8786388,2.2878864536301373,2,5,11,10.000698699994246,9260,0,,,,,,,solutions/small/small_k2_n8_T3_s1__alns__s9__h1.json
small,small_k2_n8_T3_s1,small,alns,10,1.0,10.0,7155.431945653631,5717.265420400001,1435.8786388,2.2878864536301373,2,5,11,10.001549300002807,10013,0,,,,,,,solutions/small/small_k2_n8_T3_s1__alns__s10__h1.json
small,small_k2_n8_T3_s1,small,greedy,,1.0,,7274.55001241781,5717.265420400001,1555.0659090000004,2.21868301780822,2,5,11,0.0003214000025764,,,,,,,,,solutions/small/small_k2_n8_T3_s1__greedy__det__h1.json
small,small_k2_n8_T3_s1,small,gurobi,,1.0,600.0,7155.431945653631,5717.265420400001,1435.8786388,2.2878864536301378,2,5,11,3.982236499999999,,,,,optimal,7155.431945653631,7155.431945653631,0.0,solutions/small/small_k2_n8_T3_s1__gurobi__det__h1.json
small,small_k2_n8_T3_s1,small,matheuristic,1,1.0,10.0,7155.431945653631,5717.265420400001,1435.8786388,2.2878864536301373,2,5,11,10.006787899998017,9222,0,0,0,,,,,solutions/small/small_k2_n8_T3_s1__matheuristic__s1__h1.json
small,small_k2_n8_T3_s1,small,matheuristic,2,1.0,10.0,7155.431945653631,5717.265420400001,1435.8786388,2.2878864536301373,2,5,11,10.005712799997127,9478,0,0,0,,,,,solutions/small/small_k2_n8_T3_s1__matheuristic__s2__h1.json
small,small_k2_n8_T3_s1,small,matheuristic,3,1.0,10.0,7155.431945653631,5717.265420400001,1435.8786388,2.2878864536301373,2,5,11,10.004068800000825,9635,0,0,0,,,,,solutions/small/small_k2_n8_T3_s1__matheuristic__s3__h1.json
small,small_k2_n8_T3_s1,small,matheuristic,4,1.0,10.0,7155.431945653631,5717.265420400001,1435.8786388,2.2878864536301373,2,5,11,10.005921500000111,9617,0,0,0,,,,,solutions/small/small_k2_n8_T3_s1__matheuristic__s4__h1.json
small,small_k2_n8_T3_s1,small,matheuristic,5,1.0,10.0,7155.431945653631,5717.265420400001,1435.8786388,2.2878864536301373,2,5,11,10.00527019999572,9708,0,0,0,,,,,solutions/small/small_k2_n8_T3_s1__matheuristic__s5__h1.json
small,small_k2_n8_T3_s1,small,matheuristic,6,1.0,10.0,7155.431945653631,5717.265420400001,1435.8786388,2.2878864536301373,2,5,11,10.003901299998688,9705,0,0,0,,,,,solutions/small/small_k2_n8_T3_s1__matheuristic__s6__h1.json
small,small_k2_n8_T3_s1,small,matheuristic,7,1.0,10.0,7155.431945653631,5717.265420400001,1435.8786388,2.2878864536301373,2,5,11,10.006574799997908,9934,0,0,0,,,,,solutions/small/small_k2_n8_T3_s1__matheuristic__s7__h1.json
small,small_k2_n8_T3_s1,small,matheuristic,8,1.0,10.0,7155.431945653631,5717.265420400001,1435.8786388,2.2878864536301373,2,5,11,10.00481420000142,9702,0,0,0,,,,,solutions/small/small_k2_n8_T3_s1__matheuristic__s8__h1.json
small,small_k2_n8_T3_s1,small,matheuristic,9,1.0,10.0,7155.431945653631,5717.265420400001,1435.8786388,2.2878864536301373,2,5,11,10.005880799995792,9610,0,0,0,,,,,solutions/small/small_k2_n8_T3_s1__matheuristic__s9__h1.json
small,small_k2_n8_T3_s1,small,matheuristic,10,1.0,10.0,7155.431945653631,5717.265420400001,1435.8786388,2.2878864536301373,2,5,11,10.006388900001184,9550,0,0,0,,,,,solutions/small/small_k2_n8_T3_s1__matheuristic__s10__h1.json
small,small_k2_n8_T3_s2,small,alns,1,1.0,10.0,8883.273718496099,5717.265420400001,3160.9338636,5.074434496095892,2,6,14,10.001306099999056,8965,0,,,,,,,solutions/small/small_k2_n8_T3_s2__alns__s1__h1.json
small,small_k2_n8_T3_s2,small,alns,2,1.0,10.0,8883.273718496099,5717.265420400001,3160.9338636,5.074434496095892,2,6,14,10.000816400002805,8802,0,,,,,,,solutions/small/small_k2_n8_T3_s2__alns__s2__h1.json
small,small_k2_n8_T3_s2,small,alns,3,1.0,10.0,8883.273718496099,5717.265420400001,3160.9338636,5.074434496095892,2,6,14,10.000076800002716,8765,0,,,,,,,solutions/small/small_k2_n8_T3_s2__alns__s3__h1.json
small,small_k2_n8_T3_s2,small,alns,4,1.0,10.0,8883.273718496099,5717.265420400001,3160.9338636,5.074434496095892,2,6,14,10.00126420000015,7604,0,,,,,,,solutions/small/small_k2_n8_T3_s2__alns__s4__h1.json
small,small_k2_n8_T3_s2,small,alns,5,1.0,10.0,8883.273718496099,5717.265420400001,3160.9338636,5.074434496095892,2,6,14,10.002580699998362,7518,0,,,,,,,solutions/small/small_k2_n8_T3_s2__alns__s5__h1.json
small,small_k2_n8_T3_s2,small,alns,6,1.0,10.0,8883.273718496099,5717.265420400001,3160.9338636,5.074434496095892,2,6,14,10.000386100000467,7381,0,,,,,,,solutions/small/small_k2_n8_T3_s2__alns__s6__h1.json
small,small_k2_n8_T3_s2,small,alns,7,1.0,10.0,8883.273718496099,5717.265420400001,3160.9338636,5.074434496095892,2,6,14,10.0003887999992,7463,0,,,,,,,solutions/small/small_k2_n8_T3_s2__alns__s7__h1.json
small,small_k2_n8_T3_s2,small,alns,8,1.0,10.0,8883.273718496099,5717.265420400001,3160.9338636,5.074434496095892,2,6,14,10.000752600004487,8789,0,,,,,,,solutions/small/small_k2_n8_T3_s2__alns__s8__h1.json
small,small_k2_n8_T3_s2,small,alns,9,1.0,10.0,8883.273718496099,5717.265420400001,3160.9338636,5.074434496095892,2,6,14,10.0003973999992,8683,0,,,,,,,solutions/small/small_k2_n8_T3_s2__alns__s9__h1.json
small,small_k2_n8_T3_s2,small,alns,10,1.0,10.0,8883.273718496099,5717.265420400001,3160.9338636,5.074434496095892,2,6,14,10.000858399995195,8887,0,,,,,,,solutions/small/small_k2_n8_T3_s2__alns__s10__h1.json
small,small_k2_n8_T3_s2,small,greedy,,1.0,,8884.771646604728,5717.265420400001,3160.9338636,6.572362604726029,2,6,14,0.0002034999997704,,,,,,,,,solutions/small/small_k2_n8_T3_s2__greedy__det__h1.json
small,small_k2_n8_T3_s2,small,gurobi,,1.0,600.0,8883.273718496099,5717.265420400001,3160.9338636,5.074434496095892,2,6,14,0.3230736999976216,,,,,optimal,8883.273718496095,8883.273718496095,0.0,solutions/small/small_k2_n8_T3_s2__gurobi__det__h1.json
small,small_k2_n8_T3_s2,small,matheuristic,1,1.0,10.0,8883.273718496099,5717.265420400001,3160.9338636,5.074434496095892,2,6,14,10.007480899999791,8689,0,0,0,,,,,solutions/small/small_k2_n8_T3_s2__matheuristic__s1__h1.json
small,small_k2_n8_T3_s2,small,matheuristic,2,1.0,10.0,8883.273718496099,5717.265420400001,3160.9338636,5.074434496095892,2,6,14,10.005896399998164,8919,0,0,0,,,,,solutions/small/small_k2_n8_T3_s2__matheuristic__s2__h1.json
small,small_k2_n8_T3_s2,small,matheuristic,3,1.0,10.0,8883.273718496099,5717.265420400001,3160.9338636,5.074434496095892,2,6,14,10.005468099996506,8589,0,0,0,,,,,solutions/small/small_k2_n8_T3_s2__matheuristic__s3__h1.json
small,small_k2_n8_T3_s2,small,matheuristic,4,1.0,10.0,8883.273718496099,5717.265420400001,3160.9338636,5.074434496095892,2,6,14,10.006034500001988,7371,0,0,0,,,,,solutions/small/small_k2_n8_T3_s2__matheuristic__s4__h1.json
small,small_k2_n8_T3_s2,small,matheuristic,5,1.0,10.0,8883.273718496099,5717.265420400001,3160.9338636,5.074434496095892,2,6,14,10.00537269999768,7255,0,0,0,,,,,solutions/small/small_k2_n8_T3_s2__matheuristic__s5__h1.json
small,small_k2_n8_T3_s2,small,matheuristic,6,1.0,10.0,8883.273718496099,5717.265420400001,3160.9338636,5.074434496095892,2,6,14,10.004230200000164,7224,0,0,0,,,,,solutions/small/small_k2_n8_T3_s2__matheuristic__s6__h1.json
small,small_k2_n8_T3_s2,small,matheuristic,7,1.0,10.0,8883.273718496099,5717.265420400001,3160.9338636,5.074434496095892,2,6,14,10.004729800006317,7256,0,0,0,,,,,solutions/small/small_k2_n8_T3_s2__matheuristic__s7__h1.json
small,small_k2_n8_T3_s2,small,matheuristic,8,1.0,10.0,8883.273718496099,5717.265420400001,3160.9338636,5.074434496095892,2,6,14,10.012423200001647,8802,0,0,0,,,,,solutions/small/small_k2_n8_T3_s2__matheuristic__s8__h1.json
small,small_k2_n8_T3_s2,small,matheuristic,9,1.0,10.0,8883.273718496099,5717.265420400001,3160.9338636,5.074434496095892,2,6,14,10.012627200005229,8669,0,0,0,,,,,solutions/small/small_k2_n8_T3_s2__matheuristic__s9__h1.json
small,small_k2_n8_T3_s2,small,matheuristic,10,1.0,10.0,8883.273718496099,5717.265420400001,3160.9338636,5.074434496095892,2,6,14,10.004830100006076,8946,0,0,0,,,,,solutions/small/small_k2_n8_T3_s2__matheuristic__s10__h1.json
